{"name":"477fd559-aa0b-4479-952a-42e815533f28","id":"/providers/Microsoft.Flow/flows/477fd559-aa0b-4479-952a-42e815533f28","type":"Microsoft.Flow/flows","properties":{"apiId":"/providers/Microsoft.PowerApps/apis/shared_logicflows","displayName":"AutomacaoOutlookTools","definition":{"metadata":{"workflowEntityId":null,"processAdvisorMetadata":null,"flowChargedByPaygo":null,"flowclientsuspensionreason":"None","flowclientsuspensiontime":null,"flowclientsuspensionreasondetails":null,"creator":{"id":"fb2b582a-4eaf-43d6-acf2-85a094657d7c","type":"User","tenantId":"13984e9e-221d-4fe6-8e5a-3398ff595191"},"provisioningMethod":"FromDefinition","failureAlertSubscription":true,"clientLastModifiedTime":"2024-07-14T21:39:45.1593625Z","connectionKeySavedTimeKey":"2024-07-14T21:39:45.1593625Z"},"$schema":"https://schema.management.azure.com/providers/Microsoft.Logic/schemas/2016-06-01/workflowdefinition.json#","contentVersion":"1.0.0.0","parameters":{"$authentication":{"defaultValue":{},"type":"SecureObject"},"$connections":{"defaultValue":{},"type":"Object"}},"triggers":{"Quando_um_novo_email_é_recebido_(V3)":{"splitOn":"@triggerOutputs()?['body/value']","type":"OpenApiConnectionNotification","inputs":{"host":{"apiId":"/providers/Microsoft.PowerApps/apis/shared_office365","connectionName":"shared_office365","operationId":"OnNewEmailV3"},"authentication":"@parameters('$authentication')"},"runtimeConfiguration":{"concurrency":{"runs":1}}}},"actions":{"HTML_Corpo":{"runAfter":{},"type":"OpenApiConnection","inputs":{"parameters":{"Content":"<p>@{triggerOutputs()?['body/body']}</p>"},"host":{"apiId":"/providers/Microsoft.PowerApps/apis/shared_conversionservice","connectionName":"shared_conversionservice","operationId":"HtmlToText"},"authentication":"@parameters('$authentication')"}},"CriarItem_-_Linha_do_novo_e-mail_recebido":{"runAfter":{"HTML_Corpo":["Succeeded"]},"type":"OpenApiConnection","inputs":{"parameters":{"dataset":"https://tpxbi.sharepoint.com/sites/crud1","table":"757ad3c7-ccfd-4175-95f8-5133085d0078","item/De":"@triggerOutputs()?['body/from']","item/Para":"@triggerOutputs()?['body/toRecipients']","item/Assunto":"@triggerOutputs()?['body/subject']","item/Importancia":"@triggerOutputs()?['body/importance']","item/TemAnexo":"@{triggerOutputs()?['body/hasAttachments']}","item/IdDaMensagem":"@triggerOutputs()?['body/id']","item/IdDaMensagemDaInternet":"@triggerOutputs()?['body/internetMessageId']","item/IdDaConversa":"@triggerOutputs()?['body/conversationId']","item/HoraDeRecebimento":"@triggerOutputs()?['body/receivedDateTime']","item/Corpo":"@body('HTML_Corpo')"},"host":{"apiId":"/providers/Microsoft.PowerApps/apis/shared_sharepointonline","connectionName":"shared_sharepointonline","operationId":"PostItem"},"authentication":"@parameters('$authentication')"}},"ObterItens_-_Tabela_Outlook":{"runAfter":{"CriarItem_-_Linha_do_novo_e-mail_recebido":["Succeeded"]},"type":"OpenApiConnection","inputs":{"parameters":{"dataset":"https://tpxbi.sharepoint.com/sites/crud1","table":"757ad3c7-ccfd-4175-95f8-5133085d0078"},"host":{"apiId":"/providers/Microsoft.PowerApps/apis/shared_sharepointonline","connectionName":"shared_sharepointonline","operationId":"GetItems"},"authentication":"@parameters('$authentication')"}},"Selecionar_-_Tabela_Outlook":{"runAfter":{"ObterItens_-_Tabela_Outlook":["Succeeded"]},"type":"Select","inputs":{"from":"@outputs('ObterItens_-_Tabela_Outlook')?['body/value']","select":{"De":"@item()?['De']","Para":"@item()?['Para']","Assunto":"@item()?['Assunto']","Corpo":"@body('ObterItens_-_Tabela_Outlook')","Importancia":"@item()?['Importancia']","TemAnexo":"@item()?['TemAnexo']","IdDaMensagem":"@item()?['IdDaMensagem']","IdDaMensagemDaInternet":"@item()?['IdDaMensagemDaInternet']","IdDaConversa":"@item()?['IdDaConversa']","HoraDeRecebimento":"@item()?['HoraDeRecebimento']"}}},"Compor_-_Ordena_pela_coluna_IdConversa":{"runAfter":{"Selecionar_-_Tabela_Outlook":["Succeeded"]},"type":"Compose","inputs":"@sort(body('Selecionar_-_Tabela_Outlook'),'IdDaConversa')"},"Selecionar_-_Aplica_a_coluna_IsDuplicate_T_ou_F":{"runAfter":{"Compor_-_Ordena_pela_coluna_IdConversa":["Succeeded"]},"type":"Select","inputs":{"from":"@range(0,length(outputs('Compor_-_Ordena_pela_coluna_IdConversa')))","select":"@addProperty(\r\n  outputs('Compor_-_Ordena_pela_coluna_IdConversa')?[item()],\r\n  'IsDuplicate',\r\n  if(\r\n    or(\r\n      equals(\r\n        outputs('Compor_-_Ordena_pela_coluna_IdConversa')?[item()]?['IdDaConversa'],\r\n        if(\r\n          greater(item(), 0),\r\n          outputs('Compor_-_Ordena_pela_coluna_IdConversa')?[sub(item(), 1)]?['IdDaConversa'],\r\n          ''\r\n        )\r\n      ),\r\n      equals(\r\n        outputs('Compor_-_Ordena_pela_coluna_IdConversa')?[item()]?['IdDaConversa'],\r\n        if(\r\n          less(item(), sub(length(outputs('Compor_-_Ordena_pela_coluna_IdConversa')), 1)),\r\n          outputs('Compor_-_Ordena_pela_coluna_IdConversa')?[add(item(), 1)]?['IdDaConversa'],\r\n          ''\r\n        )\r\n      )\r\n    ),\r\n    'T',\r\n    'F'\r\n  )\r\n)"}},"Analisar_JSON":{"runAfter":{"Selecionar_-_Aplica_a_coluna_IsDuplicate_T_ou_F":["Succeeded"]},"type":"ParseJson","inputs":{"content":"@body('Selecionar_-_Aplica_a_coluna_IsDuplicate_T_ou_F')","schema":{"type":"array","items":{"type":"object","properties":{"De":{"type":"string"},"Para":{"type":"string"},"Assunto":{"type":"string"},"Corpo":{"type":"object","properties":{"value":{"type":"array","items":{"type":"object","properties":{"@@odata.etag":{"type":"string"},"ItemInternalId":{"type":"string"},"ID":{"type":"integer"},"De":{"type":"string"},"Para":{"type":"string"},"Assunto":{"type":"string"},"Corpo":{"type":"string"},"Importancia":{"type":"string"},"TemAnexo":{"type":"string"},"IdDaMensagem":{"type":"string"},"IdDaMensagemDaInternet":{"type":"string"},"IdDaConversa":{"type":"string"},"HoraDeRecebimento":{"type":"string"},"Modified":{"type":"string"},"Created":{"type":"string"},"Author":{"type":"object","properties":{"@@odata.type":{"type":"string"},"Claims":{"type":"string"},"DisplayName":{"type":"string"},"Email":{"type":"string"},"Picture":{"type":"string"},"Department":{},"JobTitle":{}}},"Author#Claims":{"type":"string"},"Editor":{"type":"object","properties":{"@@odata.type":{"type":"string"},"Claims":{"type":"string"},"DisplayName":{"type":"string"},"Email":{"type":"string"},"Picture":{"type":"string"},"Department":{},"JobTitle":{}}},"Editor#Claims":{"type":"string"},"{Identifier}":{"type":"string"},"{IsFolder}":{"type":"boolean"},"{Thumbnail}":{"type":"object","properties":{"Large":{},"Medium":{},"Small":{}}},"{Link}":{"type":"string"},"{Name}":{"type":"string"},"{FilenameWithExtension}":{"type":"string"},"{Path}":{"type":"string"},"{FullPath}":{"type":"string"},"{HasAttachments}":{"type":"boolean"},"{VersionNumber}":{"type":"string"}},"required":["@@odata.etag","ItemInternalId","ID","De","Para","Assunto","Corpo","Importancia","TemAnexo","IdDaMensagem","IdDaMensagemDaInternet","IdDaConversa","HoraDeRecebimento","Modified","Created","Author","Author#Claims","Editor","Editor#Claims","{Identifier}","{IsFolder}","{Thumbnail}","{Link}","{Name}","{FilenameWithExtension}","{Path}","{FullPath}","{HasAttachments}","{VersionNumber}"]}}}},"Importancia":{"type":"string"},"TemAnexo":{"type":"string"},"IdDaMensagem":{"type":"string"},"IdDaMensagemDaInternet":{"type":"string"},"IdDaConversa":{"type":"string"},"HoraDeRecebimento":{"type":"string"},"IsDuplicate":{"type":"string"}},"required":["De","Para","Assunto","Corpo","Importancia","TemAnexo","IdDaMensagem","IdDaMensagemDaInternet","IdDaConversa","HoraDeRecebimento","IsDuplicate"]}}}},"Obter_itens_-_Tabela_OutLookIDs":{"runAfter":{"Analisar_JSON":["Succeeded"]},"type":"OpenApiConnection","inputs":{"parameters":{"dataset":"https://tpxbi.sharepoint.com/sites/crud1","table":"981597ed-d784-4009-9acd-899b4b532b3f"},"host":{"apiId":"/providers/Microsoft.PowerApps/apis/shared_sharepointonline","connectionName":"shared_sharepointonline","operationId":"GetItems"},"authentication":"@parameters('$authentication')"}},"Aplicar_a_cada_-_Linha_da_tabela_OutLookIDs":{"foreach":"@outputs('Obter_itens_-_Tabela_OutLookIDs')?['body/value']","actions":{"Excluir_item_-_Linhas_da_tabela_OutLookIDs":{"type":"OpenApiConnection","inputs":{"parameters":{"dataset":"https://tpxbi.sharepoint.com/sites/crud1","table":"981597ed-d784-4009-9acd-899b4b532b3f","id":"@item()?['ID']"},"host":{"apiId":"/providers/Microsoft.PowerApps/apis/shared_sharepointonline","connectionName":"shared_sharepointonline","operationId":"DeleteItem"},"authentication":"@parameters('$authentication')"}}},"runAfter":{"Obter_itens_-_Tabela_OutLookIDs":["Succeeded"]},"type":"Foreach"},"For_each":{"foreach":"@body('Analisar_JSON')","actions":{"Compor":{"type":"Compose","inputs":"@{items('For_each')['De']},@{item()['Para']},@{item()['Assunto']},@{item()['Corpo']},@{item()['Importancia']},@{item()['TemAnexo']},@{item()['IdDaMensagem']},@{item()['IdDaMensagemDaInternet']},@{item()['IdDaConversa']},@{item()['HoraDeRecebimento']},@{item()['IsDuplicate']}"},"Criar_item":{"runAfter":{"Compor":["Succeeded"]},"type":"OpenApiConnection","inputs":{"parameters":{"dataset":"https://tpxbi.sharepoint.com/sites/crud1","table":"981597ed-d784-4009-9acd-899b4b532b3f","item/De":"@item()['De']","item/Para":"@item()['Para']","item/Assunto":"@item()['Assunto']","item/Importancia":"@item()['Importancia']","item/TemAnexo":"@item()['Importancia']","item/IdDaMensagem":"@item()['IdDaMensagem']","item/IdDaMensagemDaInternet":"@item()['IdDaMensagemDaInternet']","item/IdDaConversa":"@item()['IdDaConversa']","item/HoraDeRecebimento":"@item()['HoraDeRecebimento']","item/IdRepetido":"@item()['IsDuplicate']","item/Corpo":"@body('HTML_Corpo')"},"host":{"apiId":"/providers/Microsoft.PowerApps/apis/shared_sharepointonline","connectionName":"shared_sharepointonline","operationId":"PostItem"},"authentication":"@parameters('$authentication')"}},"Condição":{"actions":{"Responder_ao_email_(V3)":{"type":"OpenApiConnection","inputs":{"parameters":{"messageId":"@body('Criar_item')?['IdDaMensagem']","replyParameters/To":"@{body('Criar_item')?['De']};alexandre@tpxbi.onmicrosoft.com","replyParameters/Subject":"@body('Criar_item')?['Assunto']","replyParameters/Importance":"@body('Criar_item')?['Importancia']","replyParameters/Body":"<p>Não se preocupe, você será atendido em 2 dias Úteis.</p>"},"host":{"apiId":"/providers/Microsoft.PowerApps/apis/shared_office365","connectionName":"shared_office365","operationId":"ReplyToV3"},"authentication":"@parameters('$authentication')"}}},"runAfter":{"Criar_item":["Succeeded"]},"else":{"actions":{}},"expression":{"and":[{"equals":["@body('Criar_item')?['IdRepetido']","F"]}]},"type":"If"}},"runAfter":{"Aplicar_a_cada_-_Linha_da_tabela_OutLookIDs":["Succeeded"]},"type":"Foreach"}},"outputs":{}},"connectionReferences":{"shared_office365":{"connectionName":"shared-office365-f3eb2875-3742-4d31-a8b7-d528915fd703","source":"Embedded","id":"/providers/Microsoft.PowerApps/apis/shared_office365","tier":"NotSpecified"},"shared_conversionservice":{"connectionName":"shared-conversionser-def49509-8f72-4e80-a1d3-b74d2836bdaa","source":"Embedded","id":"/providers/Microsoft.PowerApps/apis/shared_conversionservice","tier":"NotSpecified"},"shared_sharepointonline":{"connectionName":"d061510336f04d95b0fd6c1bf09cbaac","source":"Embedded","id":"/providers/Microsoft.PowerApps/apis/shared_sharepointonline","tier":"NotSpecified"}},"flowFailureAlertSubscribed":false,"isManaged":false}}